Workbook

Sheet Rubric
A1: Declamation Rubric - Inter-School Competition
A2: Total 100 marks. Adjust weights to suit junior / middle / senior level.
A4: Criteria | B4: Max Marks | C4: What judges look for
A5: Content & Message | B5: 20 | C5: Meaningful, appropriate speech; clear central theme; strong opening and closing; suitability to age group
A6: Delivery & Voice | B6: 25 | C6: Clear pronunciation; modulation of pitch and volume; pace; pauses for effect; confident tone
A7: Expression & Emotion | B7: 20 | C7: Emotion matching the content; facial expressions; passion and conviction; ability to move the audience
A8: Body Language & Stage Presence | B8: 15 | C8: Posture; eye contact; purposeful gestures; confidence; stage movement; avoiding nervous habits
A9: Memorization & Fluency | B9: 10 | C9: Delivery without prompting; no hesitation or fumbling; smooth recovery from slips
A10: Overall Impact | B10: 10 | C10: Audience engagement; originality in interpretation; memorable performance
A11: Total | B11: =SUM(B5:B10) -> 100
A13: Band | B13: % of Marks | C13: Descriptor
A14: Excellent | B14: 90-100% | C14: Polished, natural, and compelling; holds the audience throughout
A15: Good | B15: 70-89% | C15: Confident with minor lapses; message is clear
A16: Satisfactory | B16: 50-69% | C16: Understandable but uneven; limited expression or some hesitation
A17: Needs Improvement | B17: Below 50% | C17: Frequent prompting, monotone, unclear, or weak connection with the audience
A19: Rule | B19: Value | C19: Notes
A20: Time limit | B20: 3-5 minutes | C20: Set according to class level (edit on 'Time & Penalties' sheet)
A21: Time deduction | B21: 1 mark / 30 sec | C21: Over or under the limit, after a 15-second grace period
A22: Prompting | B22: 1 mark per prompt | C22: Organizers may set 1-2 marks
A23: Notes / props (if not allowed) | B23: Up to 5 marks | C23: Enter on 'Time & Penalties' sheet
A24: Inappropriate / offensive content | B24: Judge's discretion | C24: Up to disqualification
A25: Tie-breaker | B25: Delivery, then Content | C25: Highest average Delivery & Voice wins; then Content & Message; then judges' consensus
A27: Tips: use 2-3 judges and average scores; share the rubric with judges in advance; announce theme and time limits to all schools beforehand.

Sheet Results
A1: Results & Ranking
A2: Auto-calculated: average of judges' subtotals minus penalties. Ties broken by average Delivery, then average Content.
A4: Sr | B4: Participant | C4: School | D4: Class | E4: Judge 1 | F4: Judge 2 | G4: Judge 3 | H4: Average Score | I4: Penalty | J4: Final Score (100) | K4: Avg Delivery & Voice | L4: Avg Content & Message | M4: Rank | N4: Tie-break key
A5: ='Time & Penalties'!A12 -> 1 | B5: =IF('Time & Penalties'!B12="","",'Time & Penalties'!B12) -> Sample - Aarav Sharma | C5: =IF('Time & Penalties'!C12="","",'Time & Penalties'!C12) -> Delhi Public School | D5: =IF('Time & Penalties'!D12="","",'Time & Penalties'!D12) -> VIII | E5: ='Judge 1'!J5 -> 80 | F5: ='Judge 2'!J5 -> 83 | G5: ='Judge 3'!J5 -> 86 | H5: =IF(COUNT(E5:G5)=0,"",AVERAGE(E5:G5)) -> 83 | I5: =IF(B5="","",'Time & Penalties'!J12) -> 1 | J5: =IF(H5="","",MAX(0,H5-N(I5))) -> 82 | K5: =IFERROR(AVERAGE('Judge 1'!E5,'Judge 2'!E5,'Judge 3'!E5),"") -> 21 | L5: =IFERROR(AVERAGE('Judge 1'!D5,'Judge 2'!D5,'Judge 3'!D5),"") -> 17 | M5: =IF(N5="","",RANK(N5,$N$5:$N$24)) -> 1 | N5: =IF(OR(J5="",K5="",L5=""),"",J5+K5/1000+L5/1000000) -> 82.021017
A6: ='Time & Penalties'!A13 -> 2 | B6: =IF('Time & Penalties'!B13="","",'Time & Penalties'!B13) | C6: =IF('Time & Penalties'!C13="","",'Time & Penalties'!C13) | D6: =IF('Time & Penalties'!D13="","",'Time & Penalties'!D13) | E6: ='Judge 1'!J6 | F6: ='Judge 2'!J6 | G6: ='Judge 3'!J6 | H6: =IF(COUNT(E6:G6)=0,"",AVERAGE(E6:G6)) | I6: =IF(B6="","",'Time & Penalties'!J13) | J6: =IF(H6="","",MAX(0,H6-N(I6))) | K6: =IFERROR(AVERAGE('Judge 1'!E6,'Judge 2'!E6,'Judge 3'!E6),"") | L6: =IFERROR(AVERAGE('Judge 1'!D6,'Judge 2'!D6,'Judge 3'!D6),"") | M6: =IF(N6="","",RANK(N6,$N$5:$N$24)) | N6: =IF(OR(J6="",K6="",L6=""),"",J6+K6/1000+L6/1000000)
A7: ='Time & Penalties'!A14 -> 3 | B7: =IF('Time & Penalties'!B14="","",'Time & Penalties'!B14) | C7: =IF('Time & Penalties'!C14="","",'Time & Penalties'!C14) | D7: =IF('Time & Penalties'!D14="","",'Time & Penalties'!D14) | E7: ='Judge 1'!J7 | F7: ='Judge 2'!J7 | G7: ='Judge 3'!J7 | H7: =IF(COUNT(E7:G7)=0,"",AVERAGE(E7:G7)) | I7: =IF(B7="","",'Time & Penalties'!J14) | J7: =IF(H7="","",MAX(0,H7-N(I7))) | K7: =IFERROR(AVERAGE('Judge 1'!E7,'Judge 2'!E7,'Judge 3'!E7),"") | L7: =IFERROR(AVERAGE('Judge 1'!D7,'Judge 2'!D7,'Judge 3'!D7),"") | M7: =IF(N7="","",RANK(N7,$N$5:$N$24)) | N7: =IF(OR(J7="",K7="",L7=""),"",J7+K7/1000+L7/1000000)
A8: ='Time & Penalties'!A15 -> 4 | B8: =IF('Time & Penalties'!B15="","",'Time & Penalties'!B15) | C8: =IF('Time & Penalties'!C15="","",'Time & Penalties'!C15) | D8: =IF('Time & Penalties'!D15="","",'Time & Penalties'!D15) | E8: ='Judge 1'!J8 | F8: ='Judge 2'!J8 | G8: ='Judge 3'!J8 | H8: =IF(COUNT(E8:G8)=0,"",AVERAGE(E8:G8)) | I8: =IF(B8="","",'Time & Penalties'!J15) | J8: =IF(H8="","",MAX(0,H8-N(I8))) | K8: =IFERROR(AVERAGE('Judge 1'!E8,'Judge 2'!E8,'Judge 3'!E8),"") | L8: =IFERROR(AVERAGE('Judge 1'!D8,'Judge 2'!D8,'Judge 3'!D8),"") | M8: =IF(N8="","",RANK(N8,$N$5:$N$24)) | N8: =IF(OR(J8="",K8="",L8=""),"",J8+K8/1000+L8/1000000)
A9: ='Time & Penalties'!A16 -> 5 | B9: =IF('Time & Penalties'!B16="","",'Time & Penalties'!B16) | C9: =IF('Time & Penalties'!C16="","",'Time & Penalties'!C16) | D9: =IF('Time & Penalties'!D16="","",'Time & Penalties'!D16) | E9: ='Judge 1'!J9 | F9: ='Judge 2'!J9 | G9: ='Judge 3'!J9 | H9: =IF(COUNT(E9:G9)=0,"",AVERAGE(E9:G9)) | I9: =IF(B9="","",'Time & Penalties'!J16) | J9: =IF(H9="","",MAX(0,H9-N(I9))) | K9: =IFERROR(AVERAGE('Judge 1'!E9,'Judge 2'!E9,'Judge 3'!E9),"") | L9: =IFERROR(AVERAGE('Judge 1'!D9,'Judge 2'!D9,'Judge 3'!D9),"") | M9: =IF(N9="","",RANK(N9,$N$5:$N$24)) | N9: =IF(OR(J9="",K9="",L9=""),"",J9+K9/1000+L9/1000000)
A10: ='Time & Penalties'!A17 -> 6 | B10: =IF('Time & Penalties'!B17="","",'Time & Penalties'!B17) | C10: =IF('Time & Penalties'!C17="","",'Time & Penalties'!C17) | D10: =IF('Time & Penalties'!D17="","",'Time & Penalties'!D17) | E10: ='Judge 1'!J10 | F10: ='Judge 2'!J10 | G10: ='Judge 3'!J10 | H10: =IF(COUNT(E10:G10)=0,"",AVERAGE(E10:G10)) | I10: =IF(B10="","",'Time & Penalties'!J17) | J10: =IF(H10="","",MAX(0,H10-N(I10))) | K10: =IFERROR(AVERAGE('Judge 1'!E10,'Judge 2'!E10,'Judge 3'!E10),"") | L10: =IFERROR(AVERAGE('Judge 1'!D10,'Judge 2'!D10,'Judge 3'!D10),"") | M10: =IF(N10="","",RANK(N10,$N$5:$N$24)) | N10: =IF(OR(J10="",K10="",L10=""),"",J10+K10/1000+L10/1000000)
A11: ='Time & Penalties'!A18 -> 7 | B11: =IF('Time & Penalties'!B18="","",'Time & Penalties'!B18) | C11: =IF('Time & Penalties'!C18="","",'Time & Penalties'!C18) | D11: =IF('Time & Penalties'!D18="","",'Time & Penalties'!D18) | E11: ='Judge 1'!J11 | F11: ='Judge 2'!J11 | G11: ='Judge 3'!J11 | H11: =IF(COUNT(E11:G11)=0,"",AVERAGE(E11:G11)) | I11: =IF(B11="","",'Time & Penalties'!J18) | J11: =IF(H11="","",MAX(0,H11-N(I11))) | K11: =IFERROR(AVERAGE('Judge 1'!E11,'Judge 2'!E11,'Judge 3'!E11),"") | L11: =IFERROR(AVERAGE('Judge 1'!D11,'Judge 2'!D11,'Judge 3'!D11),"") | M11: =IF(N11="","",RANK(N11,$N$5:$N$24)) | N11: =IF(OR(J11="",K11="",L11=""),"",J11+K11/1000+L11/1000000)
A12: ='Time & Penalties'!A19 -> 8 | B12: =IF('Time & Penalties'!B19="","",'Time & Penalties'!B19) | C12: =IF('Time & Penalties'!C19="","",'Time & Penalties'!C19) | D12: =IF('Time & Penalties'!D19="","",'Time & Penalties'!D19) | E12: ='Judge 1'!J12 | F12: ='Judge 2'!J12 | G12: ='Judge 3'!J12 | H12: =IF(COUNT(E12:G12)=0,"",AVERAGE(E12:G12)) | I12: =IF(B12="","",'Time & Penalties'!J19) | J12: =IF(H12="","",MAX(0,H12-N(I12))) | K12: =IFERROR(AVERAGE('Judge 1'!E12,'Judge 2'!E12,'Judge 3'!E12),"") | L12: =IFERROR(AVERAGE('Judge 1'!D12,'Judge 2'!D12,'Judge 3'!D12),"") | M12: =IF(N12="","",RANK(N12,$N$5:$N$24)) | N12: =IF(OR(J12="",K12="",L12=""),"",J12+K12/1000+L12/1000000)
A13: ='Time & Penalties'!A20 -> 9 | B13: =IF('Time & Penalties'!B20="","",'Time & Penalties'!B20) | C13: =IF('Time & Penalties'!C20="","",'Time & Penalties'!C20) | D13: =IF('Time & Penalties'!D20="","",'Time & Penalties'!D20) | E13: ='Judge 1'!J13 | F13: ='Judge 2'!J13 | G13: ='Judge 3'!J13 | H13: =IF(COUNT(E13:G13)=0,"",AVERAGE(E13:G13)) | I13: =IF(B13="","",'Time & Penalties'!J20) | J13: =IF(H13="","",MAX(0,H13-N(I13))) | K13: =IFERROR(AVERAGE('Judge 1'!E13,'Judge 2'!E13,'Judge 3'!E13),"") | L13: =IFERROR(AVERAGE('Judge 1'!D13,'Judge 2'!D13,'Judge 3'!D13),"") | M13: =IF(N13="","",RANK(N13,$N$5:$N$24)) | N13: =IF(OR(J13="",K13="",L13=""),"",J13+K13/1000+L13/1000000)
A14: ='Time & Penalties'!A21 -> 10 | B14: =IF('Time & Penalties'!B21="","",'Time & Penalties'!B21) | C14: =IF('Time & Penalties'!C21="","",'Time & Penalties'!C21) | D14: =IF('Time & Penalties'!D21="","",'Time & Penalties'!D21) | E14: ='Judge 1'!J14 | F14: ='Judge 2'!J14 | G14: ='Judge 3'!J14 | H14: =IF(COUNT(E14:G14)=0,"",AVERAGE(E14:G14)) | I14: =IF(B14="","",'Time & Penalties'!J21) | J14: =IF(H14="","",MAX(0,H14-N(I14))) | K14: =IFERROR(AVERAGE('Judge 1'!E14,'Judge 2'!E14,'Judge 3'!E14),"") | L14: =IFERROR(AVERAGE('Judge 1'!D14,'Judge 2'!D14,'Judge 3'!D14),"") | M14: =IF(N14="","",RANK(N14,$N$5:$N$24)) | N14: =IF(OR(J14="",K14="",L14=""),"",J14+K14/1000+L14/1000000)
A15: ='Time & Penalties'!A22 -> 11 | B15: =IF('Time & Penalties'!B22="","",'Time & Penalties'!B22) | C15: =IF('Time & Penalties'!C22="","",'Time & Penalties'!C22) | D15: =IF('Time & Penalties'!D22="","",'Time & Penalties'!D22) | E15: ='Judge 1'!J15 | F15: ='Judge 2'!J15 | G15: ='Judge 3'!J15 | H15: =IF(COUNT(E15:G15)=0,"",AVERAGE(E15:G15)) | I15: =IF(B15="","",'Time & Penalties'!J22) | J15: =IF(H15="","",MAX(0,H15-N(I15))) | K15: =IFERROR(AVERAGE('Judge 1'!E15,'Judge 2'!E15,'Judge 3'!E15),"") | L15: =IFERROR(AVERAGE('Judge 1'!D15,'Judge 2'!D15,'Judge 3'!D15),"") | M15: =IF(N15="","",RANK(N15,$N$5:$N$24)) | N15: =IF(OR(J15="",K15="",L15=""),"",J15+K15/1000+L15/1000000)
A16: ='Time & Penalties'!A23 -> 12 | B16: =IF('Time & Penalties'!B23="","",'Time & Penalties'!B23) | C16: =IF('Time & Penalties'!C23="","",'Time & Penalties'!C23) | D16: =IF('Time & Penalties'!D23="","",'Time & Penalties'!D23) | E16: ='Judge 1'!J16 | F16: ='Judge 2'!J16 | G16: ='Judge 3'!J16 | H16: =IF(COUNT(E16:G16)=0,"",AVERAGE(E16:G16)) | I16: =IF(B16="","",'Time & Penalties'!J23) | J16: =IF(H16="","",MAX(0,H16-N(I16))) | K16: =IFERROR(AVERAGE('Judge 1'!E16,'Judge 2'!E16,'Judge 3'!E16),"") | L16: =IFERROR(AVERAGE('Judge 1'!D16,'Judge 2'!D16,'Judge 3'!D16),"") | M16: =IF(N16="","",RANK(N16,$N$5:$N$24)) | N16: =IF(OR(J16="",K16="",L16=""),"",J16+K16/1000+L16/1000000)
... A24: ='Time & Penalties'!A31 -> 20 | B24: =IF('Time & Penalties'!B31="","",'Time & Penalties'!B31) | C24: =IF('Time & Penalties'!C31="","",'Time & Penalties'!C31) | D24: =IF('Time & Penalties'!D31="","",'Time & Penalties'!D31) | E24: ='Judge 1'!J24 | F24: ='Judge 2'!J24 | G24: ='Judge 3'!J24 | H24: =IF(COUNT(E24:G24)=0,"",AVERAGE(E24:G24)) | I24: =IF(B24="","",'Time & Penalties'!J31) | J24: =IF(H24="","",MAX(0,H24-N(I24))) | K24: =IFERROR(AVERAGE('Judge 1'!E24,'Judge 2'!E24,'Judge 3'!E24),"") | L24: =IFERROR(AVERAGE('Judge 1'!D24,'Judge 2'!D24,'Judge 3'!D24),"") | M24: =IF(N24="","",RANK(N24,$N$5:$N$24)) | N24: =IF(OR(J24="",K24="",L24=""),"",J24+K24/1000+L24/1000000)
A26: Row 1 on each sheet holds a sample entry - overwrite or clear it before the event. If fewer than 3 judges, leave that judge's sheet blank; averages adjust automatically.

Sheet Time & Penalties
A1: Participants, Timekeeping & Penalties
A2: Enter participants here once - names flow to all judge sheets and the Results sheet. Yellow cells with blue text are inputs.
A4: Minimum time (sec) | B4: 180 | C4: Settings: assumptions taken from the rubric (3-5 min, 1 mark/30 sec after 15 sec grace, 1 mark per prompt). Change as needed.
A5: Maximum time (sec) | B5: 300
A6: Grace period (sec) | B6: 15
A7: Seconds per penalty block | B7: 30
A8: Marks per penalty block | B8: 1
A9: Marks per prompt | B9: 1
A11: Sr | B11: Participant Name | C11: School | D11: Class | E11: Time Taken (sec) | F11: No. of Prompts | G11: Notes/Props Penalty (0-5) | H11: Time Penalty | I11: Prompt Penalty | J11: Total Penalty
A12: 1 | B12: Sample - Aarav Sharma | C12: Delhi Public School | D12: VIII | E12: 285 | F12: 1 | G12: 0 | H12: =IF(OR(B12="",E12=""),0,IF((MAX(0,$B$4-E12,E12-$B$5)-$B$6)>0,ROUNDUP((MAX(0,$B$4-E12,E12-$B$5)-$B$6)/$B$7,0)*$B$8,0)) -> 0 | I12: =IF(F12="",0,F12*$B$9) -> 1 | J12: =H12+I12+N(G12) -> 1
A13: 2 | H13: =IF(OR(B13="",E13=""),0,IF((MAX(0,$B$4-E13,E13-$B$5)-$B$6)>0,ROUNDUP((MAX(0,$B$4-E13,E13-$B$5)-$B$6)/$B$7,0)*$B$8,0)) -> 0 | I13: =IF(F13="",0,F13*$B$9) -> 0 | J13: =H13+I13+N(G13) -> 0
A14: 3 | H14: =IF(OR(B14="",E14=""),0,IF((MAX(0,$B$4-E14,E14-$B$5)-$B$6)>0,ROUNDUP((MAX(0,$B$4-E14,E14-$B$5)-$B$6)/$B$7,0)*$B$8,0)) -> 0 | I14: =IF(F14="",0,F14*$B$9) -> 0 | J14: =H14+I14+N(G14) -> 0
A15: 4 | H15: =IF(OR(B15="",E15=""),0,IF((MAX(0,$B$4-E15,E15-$B$5)-$B$6)>0,ROUNDUP((MAX(0,$B$4-E15,E15-$B$5)-$B$6)/$B$7,0)*$B$8,0)) -> 0 | I15: =IF(F15="",0,F15*$B$9) -> 0 | J15: =H15+I15+N(G15) -> 0
A16: 5 | H16: =IF(OR(B16="",E16=""),0,IF((MAX(0,$B$4-E16,E16-$B$5)-$B$6)>0,ROUNDUP((MAX(0,$B$4-E16,E16-$B$5)-$B$6)/$B$7,0)*$B$8,0)) -> 0 | I16: =IF(F16="",0,F16*$B$9) -> 0 | J16: =H16+I16+N(G16) -> 0
A17: 6 | H17: =IF(OR(B17="",E17=""),0,IF((MAX(0,$B$4-E17,E17-$B$5)-$B$6)>0,ROUNDUP((MAX(0,$B$4-E17,E17-$B$5)-$B$6)/$B$7,0)*$B$8,0)) -> 0 | I17: =IF(F17="",0,F17*$B$9) -> 0 | J17: =H17+I17+N(G17) -> 0
A18: 7 | H18: =IF(OR(B18="",E18=""),0,IF((MAX(0,$B$4-E18,E18-$B$5)-$B$6)>0,ROUNDUP((MAX(0,$B$4-E18,E18-$B$5)-$B$6)/$B$7,0)*$B$8,0)) -> 0 | I18: =IF(F18="",0,F18*$B$9) -> 0 | J18: =H18+I18+N(G18) -> 0
A19: 8 | H19: =IF(OR(B19="",E19=""),0,IF((MAX(0,$B$4-E19,E19-$B$5)-$B$6)>0,ROUNDUP((MAX(0,$B$4-E19,E19-$B$5)-$B$6)/$B$7,0)*$B$8,0)) -> 0 | I19: =IF(F19="",0,F19*$B$9) -> 0 | J19: =H19+I19+N(G19) -> 0
A20: 9 | H20: =IF(OR(B20="",E20=""),0,IF((MAX(0,$B$4-E20,E20-$B$5)-$B$6)>0,ROUNDUP((MAX(0,$B$4-E20,E20-$B$5)-$B$6)/$B$7,0)*$B$8,0)) -> 0 | I20: =IF(F20="",0,F20*$B$9) -> 0 | J20: =H20+I20+N(G20) -> 0
A21: 10 | H21: =IF(OR(B21="",E21=""),0,IF((MAX(0,$B$4-E21,E21-$B$5)-$B$6)>0,ROUNDUP((MAX(0,$B$4-E21,E21-$B$5)-$B$6)/$B$7,0)*$B$8,0)) -> 0 | I21: =IF(F21="",0,F21*$B$9) -> 0 | J21: =H21+I21+N(G21) -> 0
A22: 11 | H22: =IF(OR(B22="",E22=""),0,IF((MAX(0,$B$4-E22,E22-$B$5)-$B$6)>0,ROUNDUP((MAX(0,$B$4-E22,E22-$B$5)-$B$6)/$B$7,0)*$B$8,0)) -> 0 | I22: =IF(F22="",0,F22*$B$9) -> 0 | J22: =H22+I22+N(G22) -> 0
A23: 12 | H23: =IF(OR(B23="",E23=""),0,IF((MAX(0,$B$4-E23,E23-$B$5)-$B$6)>0,ROUNDUP((MAX(0,$B$4-E23,E23-$B$5)-$B$6)/$B$7,0)*$B$8,0)) -> 0 | I23: =IF(F23="",0,F23*$B$9) -> 0 | J23: =H23+I23+N(G23) -> 0
A24: 13 | H24: =IF(OR(B24="",E24=""),0,IF((MAX(0,$B$4-E24,E24-$B$5)-$B$6)>0,ROUNDUP((MAX(0,$B$4-E24,E24-$B$5)-$B$6)/$B$7,0)*$B$8,0)) -> 0 | I24: =IF(F24="",0,F24*$B$9) -> 0 | J24: =H24+I24+N(G24) -> 0
... A31: 20 | H31: =IF(OR(B31="",E31=""),0,IF((MAX(0,$B$4-E31,E31-$B$5)-$B$6)>0,ROUNDUP((MAX(0,$B$4-E31,E31-$B$5)-$B$6)/$B$7,0)*$B$8,0)) -> 0 | I31: =IF(F31="",0,F31*$B$9) -> 0 | J31: =H31+I31+N(G31) -> 0

Sheet Judge 1
A1: Judge 1 - Score Sheet
A2: Enter marks in the yellow cells only (each limited to its maximum). Penalties are applied on the Results sheet.
A3: Judge name:
A4: Sr | B4: Participant | C4: School | D4: Content & Message (20) | E4: Delivery & Voice (25) | F4: Expression & Emotion (20) | G4: Body Language & Stage Presence (15) | H4: Memorization & Fluency (10) | I4: Overall Impact (10) | J4: Subtotal (100) | K4: Comments
A5: ='Time & Penalties'!A12 -> 1 | B5: =IF('Time & Penalties'!B12="","",'Time & Penalties'!B12) -> Sample - Aarav Sharma | C5: =IF('Time & Penalties'!C12="","",'Time & Penalties'!C12) -> Delhi Public School | D5: 16 | E5: 21 | F5: 15 | G5: 12 | H5: 8 | I5: 8 | J5: =IF(COUNT(D5:I5)=0,"",SUM(D5:I5)) -> 80
A6: ='Time & Penalties'!A13 -> 2 | B6: =IF('Time & Penalties'!B13="","",'Time & Penalties'!B13) | C6: =IF('Time & Penalties'!C13="","",'Time & Penalties'!C13) | J6: =IF(COUNT(D6:I6)=0,"",SUM(D6:I6))
A7: ='Time & Penalties'!A14 -> 3 | B7: =IF('Time & Penalties'!B14="","",'Time & Penalties'!B14) | C7: =IF('Time & Penalties'!C14="","",'Time & Penalties'!C14) | J7: =IF(COUNT(D7:I7)=0,"",SUM(D7:I7))
A8: ='Time & Penalties'!A15 -> 4 | B8: =IF('Time & Penalties'!B15="","",'Time & Penalties'!B15) | C8: =IF('Time & Penalties'!C15="","",'Time & Penalties'!C15) | J8: =IF(COUNT(D8:I8)=0,"",SUM(D8:I8))
A9: ='Time & Penalties'!A16 -> 5 | B9: =IF('Time & Penalties'!B16="","",'Time & Penalties'!B16) | C9: =IF('Time & Penalties'!C16="","",'Time & Penalties'!C16) | J9: =IF(COUNT(D9:I9)=0,"",SUM(D9:I9))
A10: ='Time & Penalties'!A17 -> 6 | B10: =IF('Time & Penalties'!B17="","",'Time & Penalties'!B17) | C10: =IF('Time & Penalties'!C17="","",'Time & Penalties'!C17) | J10: =IF(COUNT(D10:I10)=0,"",SUM(D10:I10))
A11: ='Time & Penalties'!A18 -> 7 | B11: =IF('Time & Penalties'!B18="","",'Time & Penalties'!B18) | C11: =IF('Time & Penalties'!C18="","",'Time & Penalties'!C18) | J11: =IF(COUNT(D11:I11)=0,"",SUM(D11:I11))
A12: ='Time & Penalties'!A19 -> 8 | B12: =IF('Time & Penalties'!B19="","",'Time & Penalties'!B19) | C12: =IF('Time & Penalties'!C19="","",'Time & Penalties'!C19) | J12: =IF(COUNT(D12:I12)=0,"",SUM(D12:I12))
A13: ='Time & Penalties'!A20 -> 9 | B13: =IF('Time & Penalties'!B20="","",'Time & Penalties'!B20) | C13: =IF('Time & Penalties'!C20="","",'Time & Penalties'!C20) | J13: =IF(COUNT(D13:I13)=0,"",SUM(D13:I13))
A14: ='Time & Penalties'!A21 -> 10 | B14: =IF('Time & Penalties'!B21="","",'Time & Penalties'!B21) | C14: =IF('Time & Penalties'!C21="","",'Time & Penalties'!C21) | J14: =IF(COUNT(D14:I14)=0,"",SUM(D14:I14))
A15: ='Time & Penalties'!A22 -> 11 | B15: =IF('Time & Penalties'!B22="","",'Time & Penalties'!B22) | C15: =IF('Time & Penalties'!C22="","",'Time & Penalties'!C22) | J15: =IF(COUNT(D15:I15)=0,"",SUM(D15:I15))
A16: ='Time & Penalties'!A23 -> 12 | B16: =IF('Time & Penalties'!B23="","",'Time & Penalties'!B23) | C16: =IF('Time & Penalties'!C23="","",'Time & Penalties'!C23) | J16: =IF(COUNT(D16:I16)=0,"",SUM(D16:I16))
A17: ='Time & Penalties'!A24 -> 13 | B17: =IF('Time & Penalties'!B24="","",'Time & Penalties'!B24) | C17: =IF('Time & Penalties'!C24="","",'Time & Penalties'!C24) | J17: =IF(COUNT(D17:I17)=0,"",SUM(D17:I17))
... A24: ='Time & Penalties'!A31 -> 20 | B24: =IF('Time & Penalties'!B31="","",'Time & Penalties'!B31) | C24: =IF('Time & Penalties'!C31="","",'Time & Penalties'!C31) | J24: =IF(COUNT(D24:I24)=0,"",SUM(D24:I24))

Sheet Judge 2
A1: Judge 2 - Score Sheet
A2: Enter marks in the yellow cells only (each limited to its maximum). Penalties are applied on the Results sheet.
A3: Judge name:
A4: Sr | B4: Participant | C4: School | D4: Content & Message (20) | E4: Delivery & Voice (25) | F4: Expression & Emotion (20) | G4: Body Language & Stage Presence (15) | H4: Memorization & Fluency (10) | I4: Overall Impact (10) | J4: Subtotal (100) | K4: Comments
A5: ='Time & Penalties'!A12 -> 1 | B5: =IF('Time & Penalties'!B12="","",'Time & Penalties'!B12) -> Sample - Aarav Sharma | C5: =IF('Time & Penalties'!C12="","",'Time & Penalties'!C12) -> Delhi Public School | D5: 17 | E5: 21 | F5: 16 | G5: 12 | H5: 9 | I5: 8 | J5: =IF(COUNT(D5:I5)=0,"",SUM(D5:I5)) -> 83
A6: ='Time & Penalties'!A13 -> 2 | B6: =IF('Time & Penalties'!B13="","",'Time & Penalties'!B13) | C6: =IF('Time & Penalties'!C13="","",'Time & Penalties'!C13) | J6: =IF(COUNT(D6:I6)=0,"",SUM(D6:I6))
A7: ='Time & Penalties'!A14 -> 3 | B7: =IF('Time & Penalties'!B14="","",'Time & Penalties'!B14) | C7: =IF('Time & Penalties'!C14="","",'Time & Penalties'!C14) | J7: =IF(COUNT(D7:I7)=0,"",SUM(D7:I7))
A8: ='Time & Penalties'!A15 -> 4 | B8: =IF('Time & Penalties'!B15="","",'Time & Penalties'!B15) | C8: =IF('Time & Penalties'!C15="","",'Time & Penalties'!C15) | J8: =IF(COUNT(D8:I8)=0,"",SUM(D8:I8))
A9: ='Time & Penalties'!A16 -> 5 | B9: =IF('Time & Penalties'!B16="","",'Time & Penalties'!B16) | C9: =IF('Time & Penalties'!C16="","",'Time & Penalties'!C16) | J9: =IF(COUNT(D9:I9)=0,"",SUM(D9:I9))
A10: ='Time & Penalties'!A17 -> 6 | B10: =IF('Time & Penalties'!B17="","",'Time & Penalties'!B17) | C10: =IF('Time & Penalties'!C17="","",'Time & Penalties'!C17) | J10: =IF(COUNT(D10:I10)=0,"",SUM(D10:I10))
A11: ='Time & Penalties'!A18 -> 7 | B11: =IF('Time & Penalties'!B18="","",'Time & Penalties'!B18) | C11: =IF('Time & Penalties'!C18="","",'Time & Penalties'!C18) | J11: =IF(COUNT(D11:I11)=0,"",SUM(D11:I11))
A12: ='Time & Penalties'!A19 -> 8 | B12: =IF('Time & Penalties'!B19="","",'Time & Penalties'!B19) | C12: =IF('Time & Penalties'!C19="","",'Time & Penalties'!C19) | J12: =IF(COUNT(D12:I12)=0,"",SUM(D12:I12))
A13: ='Time & Penalties'!A20 -> 9 | B13: =IF('Time & Penalties'!B20="","",'Time & Penalties'!B20) | C13: =IF('Time & Penalties'!C20="","",'Time & Penalties'!C20) | J13: =IF(COUNT(D13:I13)=0,"",SUM(D13:I13))
A14: ='Time & Penalties'!A21 -> 10 | B14: =IF('Time & Penalties'!B21="","",'Time & Penalties'!B21) | C14: =IF('Time & Penalties'!C21="","",'Time & Penalties'!C21) | J14: =IF(COUNT(D14:I14)=0,"",SUM(D14:I14))
A15: ='Time & Penalties'!A22 -> 11 | B15: =IF('Time & Penalties'!B22="","",'Time & Penalties'!B22) | C15: =IF('Time & Penalties'!C22="","",'Time & Penalties'!C22) | J15: =IF(COUNT(D15:I15)=0,"",SUM(D15:I15))
A16: ='Time & Penalties'!A23 -> 12 | B16: =IF('Time & Penalties'!B23="","",'Time & Penalties'!B23) | C16: =IF('Time & Penalties'!C23="","",'Time & Penalties'!C23) | J16: =IF(COUNT(D16:I16)=0,"",SUM(D16:I16))
A17: ='Time & Penalties'!A24 -> 13 | B17: =IF('Time & Penalties'!B24="","",'Time & Penalties'!B24) | C17: =IF('Time & Penalties'!C24="","",'Time & Penalties'!C24) | J17: =IF(COUNT(D17:I17)=0,"",SUM(D17:I17))
... A24: ='Time & Penalties'!A31 -> 20 | B24: =IF('Time & Penalties'!B31="","",'Time & Penalties'!B31) | C24: =IF('Time & Penalties'!C31="","",'Time & Penalties'!C31) | J24: =IF(COUNT(D24:I24)=0,"",SUM(D24:I24))

Sheet Judge 3
A1: Judge 3 - Score Sheet
A2: Enter marks in the yellow cells only (each limited to its maximum). Penalties are applied on the Results sheet.
A3: Judge name:
A4: Sr | B4: Participant | C4: School | D4: Content & Message (20) | E4: Delivery & Voice (25) | F4: Expression & Emotion (20) | G4: Body Language & Stage Presence (15) | H4: Memorization & Fluency (10) | I4: Overall Impact (10) | J4: Subtotal (100) | K4: Comments
A5: ='Time & Penalties'!A12 -> 1 | B5: =IF('Time & Penalties'!B12="","",'Time & Penalties'!B12) -> Sample - Aarav Sharma | C5: =IF('Time & Penalties'!C12="","",'Time & Penalties'!C12) -> Delhi Public School | D5: 18 | E5: 21 | F5: 17 | G5: 12 | H5: 10 | I5: 8 | J5: =IF(COUNT(D5:I5)=0,"",SUM(D5:I5)) -> 86
A6: ='Time & Penalties'!A13 -> 2 | B6: =IF('Time & Penalties'!B13="","",'Time & Penalties'!B13) | C6: =IF('Time & Penalties'!C13="","",'Time & Penalties'!C13) | J6: =IF(COUNT(D6:I6)=0,"",SUM(D6:I6))
A7: ='Time & Penalties'!A14 -> 3 | B7: =IF('Time & Penalties'!B14="","",'Time & Penalties'!B14) | C7: =IF('Time & Penalties'!C14="","",'Time & Penalties'!C14) | J7: =IF(COUNT(D7:I7)=0,"",SUM(D7:I7))
A8: ='Time & Penalties'!A15 -> 4 | B8: =IF('Time & Penalties'!B15="","",'Time & Penalties'!B15) | C8: =IF('Time & Penalties'!C15="","",'Time & Penalties'!C15) | J8: =IF(COUNT(D8:I8)=0,"",SUM(D8:I8))
A9: ='Time & Penalties'!A16 -> 5 | B9: =IF('Time & Penalties'!B16="","",'Time & Penalties'!B16) | C9: =IF('Time & Penalties'!C16="","",'Time & Penalties'!C16) | J9: =IF(COUNT(D9:I9)=0,"",SUM(D9:I9))
A10: ='Time & Penalties'!A17 -> 6 | B10: =IF('Time & Penalties'!B17="","",'Time & Penalties'!B17) | C10: =IF('Time & Penalties'!C17="","",'Time & Penalties'!C17) | J10: =IF(COUNT(D10:I10)=0,"",SUM(D10:I10))
A11: ='Time & Penalties'!A18 -> 7 | B11: =IF('Time & Penalties'!B18="","",'Time & Penalties'!B18) | C11: =IF('Time & Penalties'!C18="","",'Time & Penalties'!C18) | J11: =IF(COUNT(D11:I11)=0,"",SUM(D11:I11))
A12: ='Time & Penalties'!A19 -> 8 | B12: =IF('Time & Penalties'!B19="","",'Time & Penalties'!B19) | C12: =IF('Time & Penalties'!C19="","",'Time & Penalties'!C19) | J12: =IF(COUNT(D12:I12)=0,"",SUM(D12:I12))
A13: ='Time & Penalties'!A20 -> 9 | B13: =IF('Time & Penalties'!B20="","",'Time & Penalties'!B20) | C13: =IF('Time & Penalties'!C20="","",'Time & Penalties'!C20) | J13: =IF(COUNT(D13:I13)=0,"",SUM(D13:I13))
A14: ='Time & Penalties'!A21 -> 10 | B14: =IF('Time & Penalties'!B21="","",'Time & Penalties'!B21) | C14: =IF('Time & Penalties'!C21="","",'Time & Penalties'!C21) | J14: =IF(COUNT(D14:I14)=0,"",SUM(D14:I14))
A15: ='Time & Penalties'!A22 -> 11 | B15: =IF('Time & Penalties'!B22="","",'Time & Penalties'!B22) | C15: =IF('Time & Penalties'!C22="","",'Time & Penalties'!C22) | J15: =IF(COUNT(D15:I15)=0,"",SUM(D15:I15))
A16: ='Time & Penalties'!A23 -> 12 | B16: =IF('Time & Penalties'!B23="","",'Time & Penalties'!B23) | C16: =IF('Time & Penalties'!C23="","",'Time & Penalties'!C23) | J16: =IF(COUNT(D16:I16)=0,"",SUM(D16:I16))
A17: ='Time & Penalties'!A24 -> 13 | B17: =IF('Time & Penalties'!B24="","",'Time & Penalties'!B24) | C17: =IF('Time & Penalties'!C24="","",'Time & Penalties'!C24) | J17: =IF(COUNT(D17:I17)=0,"",SUM(D17:I17))
... A24: ='Time & Penalties'!A31 -> 20 | B24: =IF('Time & Penalties'!B31="","",'Time & Penalties'!B31) | C24: =IF('Time & Penalties'!C31="","",'Time & Penalties'!C31) | J24: =IF(COUNT(D24:I24)=0,"",SUM(D24:I24))
